WMO,grid_kind,tier
1901339,paper_bbp,1
1901378,paper_nit,1
1902304,paper_all,1
1902332,paper_all,1
1902380,paper_all,1
1902381,paper_all,1
1902382,paper_all,1
1902383,paper_all,1
1902453,paper_all,1
1902454,paper_all,1
1902455,paper_all,1
1902456,paper_all,1
1902457,paper_all,1
1902459,paper_all,1
1902490,paper_all,1
1902491,paper_all,1
1902493,paper_all,1
1902494,paper_all,1
1902495,paper_all,1
1902497,paper_all,1
1902498,paper_all,1
1902593,paper_all,1
1902602,paper_bbp,1
1902643,paper_all,1
1902644,paper_all,1
1902802,paper_all,1
2902092,paper_bbp,1
2902093,paper_bbp,1
2902195,paper_bbp,1
2902204,paper_bbp,1
2902272,paper_bbp,1
2902273,paper_bbp,1
2902275,paper_all,1
2902276,paper_bbp,1
2902277,paper_bbp,1
2902294,paper_bbp,1
2902295,paper_bbp,1
2902296,paper_bbp,1
2902299,paper_bbp,1
2902762,paper_all,1
2903329,paper_all,1
2903330,paper_all,1
2903392,paper_bbp,1
2903394,paper_all,1
2903395,paper_all,1
2903442,paper_all,1
2903451,paper_all,1
2903453,paper_all,1
2903454,paper_all,1
2903455,paper_all,1
2903456,paper_all,1
2903457,paper_all,1
2903458,paper_nit,1
2903461,paper_all,1
2903462,paper_all,1
2903463,paper_all,1
2903464,paper_all,1
2903465,paper_all,1
2903466,paper_all,1
2903467,paper_all,1
2903468,paper_all,1
2903471,paper_all,1
2903472,paper_all,1
2903473,paper_all,1
2903474,paper_all,1
2903669,paper_bbp,1
2903672,paper_all,1
2903794,paper_all,1
2903826,paper_all,1
2903832,paper_all,1
2903854,paper_all,1
2903856,paper_all,1
2903858,paper_all,1
2903864,paper_all,1
2903865,paper_all,1
2903866,paper_all,1
2903867,paper_all,1
2903869,paper_all,1
2903921,paper_all,1
2903937,paper_all,1
2904012,paper_all,1
3901497,paper_bbp,1
3901578,paper_all,1
3901580,paper_all,1
3901581,paper_all,1
3901582,paper_all,1
3901583,paper_all,1
3901584,paper_all,1
3901586,paper_all,1
3902120,paper_all,1
3902121,paper_all,1
3902122,paper_all,1
3902125,paper_all,1
3902258,paper_all,1
3902259,paper_all,1
3902260,paper_all,1
3902261,paper_all,1
3902331,paper_all,1
3902332,paper_all,1
3902333,paper_all,1
3902334,paper_all,1
3902554,paper_all,1
3902556,paper_all,1
3902559,paper_all,1
3902589,paper_all,1
3902688,paper_all,1
4901802,paper_all,1
4901803,paper_bbp,1
4901805,paper_all,1
4903026,paper_all,1
4903365,paper_all,1
4903456,paper_all,1
4903459,paper_all,1
4903462,paper_all,1
4903463,paper_all,1
4903485,paper_all,1
4903486,paper_all,1
4903488,paper_all,1
4903499,paper_all,1
4903532,paper_all,1
4903571,paper_all,1
4903622,paper_all,1
4903659,paper_all,1
4903662,paper_all,1
4903744,paper_all,1
4903750,paper_all,1
4903751,paper_all,1
4903752,paper_all,1
4903755,paper_all,1
4903757,paper_all,1
4903830,paper_all,1
4903868,paper_all,1
4903913,paper_all,1
5902112,paper_nit,1
5903274,paper_all,1
5903377,paper_nit,1
5903586,paper_all,1
5903592,paper_all,1
5903593,paper_all,1
5903594,paper_nit,1
5903612,paper_all,1
5903629,paper_bbp,1
5903649,paper_bbp,1
5903678,paper_bbp,1
5903679,paper_bbp,1
5903718,paper_all,1
5903755,paper_nit,1
5903887,paper_all,1
5904021,paper_all,1
5904034,paper_nit,1
5904094,paper_nit,1
5904104,paper_all,1
5904105,paper_all,1
5904108,paper_nit,1
5904179,paper_all,1
5904185,paper_all,1
5904188,paper_all,1
5904395,paper_all,1
5904396,paper_all,1
5904397,paper_all,1
5904467,paper_all,1
5904468,paper_all,1
5904470,paper_all,1
5904471,paper_all,1
5904472,paper_all,1
5904473,paper_all,1
5904474,paper_all,1
5904475,paper_all,1
5904476,paper_all,1
5904477,paper_all,1
5904479,paper_all,1
5904657,paper_nit,1
5904659,paper_all,1
5904660,paper_all,1
5904661,paper_all,1
5904662,paper_nit,1
5904663,paper_nit,1
5904670,paper_all,1
5904671,paper_all,1
5904672,paper_all,1
5904673,paper_all,1
5904676,paper_all,1
5904677,paper_all,1
5904678,paper_all,1
5904679,paper_all,1
5904680,paper_all,1
5904682,paper_all,1
5904683,paper_all,1
5904684,paper_all,1
5904686,paper_all,1
5904688,paper_all,1
5904693,paper_all,1
5904694,paper_nit,1
5904695,paper_nit,1
5904761,paper_all,1
5904763,paper_all,1
5904765,paper_all,1
5904766,paper_all,1
5904767,paper_all,1
5904842,paper_all,1
5904844,paper_all,1
5904845,paper_all,1
5904846,paper_all,1
5904854,paper_all,1
5904856,paper_all,1
5904857,paper_all,1
5904882,paper_bbp,1
5904923,paper_bbp,1
5904924,paper_bbp,1
5904980,paper_all,1
5904982,paper_all,1
5904984,paper_all,1
5905023,paper_bbp,1
5905069,paper_all,1
5905070,paper_all,1
5905071,paper_all,1
5905072,paper_all,1
5905073,paper_all,1
5905076,paper_all,1
5905079,paper_all,1
5905080,paper_all,1
5905099,paper_all,1
5905100,paper_all,1
5905102,paper_all,1
5905103,paper_all,1
5905105,paper_all,1
5905106,paper_all,1
5905108,paper_all,1
5905109,paper_all,1
5905130,paper_all,1
5905131,paper_all,1
5905132,paper_all,1
5905133,paper_all,1
5905134,paper_all,1
5905135,paper_all,1
5905139,paper_bbp,1
5905140,paper_bbp,1
5905165,paper_bbp,1
5905167,paper_bbp,1
5905194,paper_bbp,1
5905197,paper_bbp,1
5905368,paper_all,1
5905371,paper_all,1
5905372,paper_all,1
5905373,paper_all,1
5905374,paper_all,1
5905375,paper_all,1
5905376,paper_all,1
5905377,paper_all,1
5905378,paper_all,1
5905396,paper_all,1
5905397,paper_all,1
5905441,paper_all,1
5905442,paper_all,1
5905501,paper_all,1
5905505,paper_all,1
5905531,paper_all,1
5905553,paper_all,1
5905555,paper_bbp,1
5905556,paper_bbp,1
5905638,paper_all,1
5905969,paper_bbp,1
5905970,paper_bbp,1
5905971,paper_bbp,1
5905980,paper_all,1
5905982,paper_all,1
5905984,paper_all,1
5905985,paper_all,1
5905991,paper_all,1
5905992,paper_all,1
5905993,paper_all,1
5905995,paper_all,1
5905996,paper_all,1
5905997,paper_all,1
5905998,paper_all,1
5906000,paper_all,1
5906001,paper_all,1
5906003,paper_all,1
5906004,paper_all,1
5906006,paper_all,1
5906026,paper_all,1
5906030,paper_all,1
5906031,paper_all,1
5906032,paper_all,1
5906033,paper_all,1
5906034,paper_all,1
5906035,paper_all,1
5906036,paper_all,1
5906039,paper_all,1
5906043,paper_bbp,1
5906044,paper_bbp,1
5906045,paper_nit,1
5906204,paper_all,1
5906206,paper_all,1
5906207,paper_all,1
5906208,paper_all,1
5906209,paper_all,1
5906212,paper_all,1
5906213,paper_all,1
5906214,paper_all,1
5906217,paper_nit,1
5906219,paper_all,1
5906220,paper_all,1
5906222,paper_nit,1
5906224,paper_nit,1
5906226,paper_all,1
5906227,paper_all,1
5906235,paper_bbp,1
5906238,paper_bbp,1
5906244,paper_all,1
5906245,paper_all,1
5906246,paper_all,1
5906248,paper_all,1
5906249,paper_all,1
5906293,paper_all,1
5906294,paper_all,1
5906295,paper_all,1
5906296,paper_all,1
5906297,paper_all,1
5906301,paper_bbp,1
5906303,paper_bbp,1
5906305,paper_all,1
5906307,paper_all,1
5906308,paper_all,1
5906310,paper_all,1
5906311,paper_all,1
5906312,paper_all,1
5906314,paper_all,1
5906315,paper_all,1
5906316,paper_all,1
5906317,paper_all,1
5906319,paper_all,1
5906339,paper_all,1
5906340,paper_all,1
5906434,paper_all,1
5906435,paper_all,1
5906436,paper_all,1
5906437,paper_all,1
5906438,paper_all,1
5906440,paper_all,1
5906441,paper_all,1
5906442,paper_all,1
5906443,paper_all,1
5906444,paper_all,1
5906448,paper_all,1
5906469,paper_all,1
5906470,paper_all,1
5906471,paper_all,1
5906472,paper_all,1
5906473,paper_all,1
5906474,paper_all,1
5906475,paper_all,1
5906476,paper_all,1
5906487,paper_all,1
5906488,paper_all,1
5906489,paper_all,1
5906490,paper_all,1
5906491,paper_all,1
5906492,paper_all,1
5906496,paper_all,1
5906498,paper_all,1
5906500,paper_all,1
5906501,paper_all,1
5906507,paper_all,1
5906508,paper_all,1
5906509,paper_all,1
5906511,paper_all,1
5906513,paper_all,1
5906515,paper_all,1
5906518,paper_all,1
5906522,paper_all,1
5906524,paper_all,1
5906525,paper_all,1
5906526,paper_all,1
5906527,paper_nit,1
5906530,paper_all,1
5906535,paper_all,1
5906536,paper_all,1
5906537,paper_all,1
5906538,paper_all,1
5906539,paper_all,1
5906540,paper_all,1
5906541,paper_all,1
5906542,paper_all,1
5906544,paper_all,1
5906545,paper_all,1
5906546,paper_all,1
5906548,paper_all,1
5906550,paper_all,1
5906551,paper_all,1
5906552,paper_all,1
5906553,paper_all,1
5906554,paper_all,1
5906559,paper_all,1
5906560,paper_all,1
5906561,paper_all,1
5906562,paper_all,1
5906563,paper_all,1
5906566,paper_all,1
5906568,paper_all,1
5906569,paper_all,1
5906573,paper_all,1
5906575,paper_all,1
5906576,paper_all,1
5906581,paper_all,1
5906583,paper_all,1
5906596,paper_all,1
5906623,paper_all,1
5906624,paper_all,1
5906635,paper_all,1
5906636,paper_all,1
5906661,paper_all,1
5906765,paper_all,1
5906767,paper_all,1
5906970,paper_all,1
5906972,paper_all,1
5907052,paper_all,1
5907088,paper_all,1
5907151,paper_all,1
5907193,paper_all,1
5907194,paper_all,1
6901004,paper_all,1
6901032,paper_all,1
6901152,paper_bbp,1
6901174,paper_bbp,1
6901472,paper_all,1
6901484,paper_all,1
6901485,paper_all,1
6901486,paper_bbp,1
6901496,paper_bbp,1
6901510,paper_all,1
6901512,paper_all,1
6901514,paper_all,1
6901515,paper_all,1
6901519,paper_bbp,1
6901521,paper_all,1
6901522,paper_all,1
6901523,paper_bbp,1
6901528,paper_all,1
6901578,paper_bbp,1
6901580,paper_all,1
6901582,paper_all,1
6901583,paper_all,1
6901585,paper_bbp,1
6901646,paper_bbp,1
6901648,paper_all,1
6901649,paper_bbp,1
6901657,paper_bbp,1
6901688,paper_bbp,1
6901764,paper_all,1
6901765,paper_all,1
6901767,paper_all,1
6901768,paper_all,1
6901769,paper_all,1
6901770,paper_all,1
6901771,paper_all,1
6901773,paper_all,1
6901774,paper_bbp,1
6901775,paper_bbp,1
6902544,paper_bbp,1
6902545,paper_bbp,1
6902547,paper_bbp,1
6902548,paper_bbp,1
6902549,paper_bbp,1
6902550,paper_bbp,1
6902667,paper_all,1
6902668,paper_bbp,1
6902669,paper_all,1
6902733,paper_all,1
6902734,paper_bbp,1
6902735,paper_bbp,1
6902737,paper_bbp,1
6902739,paper_bbp,1
6902828,paper_bbp,1
6902879,paper_all,1
6902901,paper_bbp,1
6902903,paper_all,1
6902904,paper_all,1
6902905,paper_bbp,1
6902909,paper_bbp,1
6902953,paper_all,1
6902967,paper_all,1
6903024,paper_bbp,1
6903025,paper_bbp,1
6903127,paper_all,1
6903197,paper_all,1
6903247,paper_all,1
6903273,paper_bbp,1
6903549,paper_all,1
6903550,paper_all,1
6903551,paper_all,1
6903552,paper_bbp,1
6903553,paper_bbp,1
6903554,paper_bbp,1
6903555,paper_bbp,1
6903567,paper_bbp,1
6903568,paper_bbp,1
6903569,paper_bbp,1
6903574,paper_all,1
6903576,paper_all,1
6903579,paper_bbp,1
6903592,paper_all,1
6903805,paper_all,1
6903825,paper_all,1
6903828,paper_bbp,1
6903874,paper_bbp,1
6903875,paper_bbp,1
6904113,paper_bbp,1
6904118,paper_bbp,1
6904183,paper_all,1
6904186,paper_all,1
6904189,paper_all,1
6904240,paper_all,1
6904241,paper_all,1
6990505,paper_all,1
6990582,paper_all,1
6990583,paper_all,1
6990636,paper_all,1
6990638,paper_all,1
6990668,paper_all,1
6990670,paper_all,1
6990689,paper_all,1
6999997,paper_all,1
7900560,paper_bbp,1
7900561,paper_bbp,1
7900562,paper_bbp,1
7900583,paper_bbp,1
7900585,paper_bbp,1
7900589,paper_bbp,1
7900823,paper_all,1
7900907,paper_all,1
7900918,paper_all,1
7900943,paper_all,1
7900947,paper_all,1
7901001,paper_bbp,1
7901009,paper_all,1
7901028,paper_all,1
7901095,paper_all,1
7901097,paper_all,1
7901098,paper_all,1
7901099,paper_all,1
7901102,paper_all,1
7901103,paper_all,1
7901106,paper_all,1
7902102,paper_all,1
7902103,paper_all,1
7902113,paper_all,1
7902114,paper_all,1
7902118,paper_all,1
7902123,paper_all,1
7902131,paper_all,1
7902132,paper_all,1
7902133,paper_all,1
7902135,paper_all,1
7902138,paper_all,1
7902140,paper_all,1
7902143,paper_all,1
7902147,paper_all,1
7902148,paper_all,1
7902149,paper_all,1
7902152,paper_all,1
7902153,paper_all,1
7902154,paper_all,1
7902199,paper_all,1
7902223,paper_all,1
7902227,paper_all,1
7902262,paper_all,1
1901329,paper_bbp,2
1901338,paper_bbp,2
1901347,paper_all,2
1901348,paper_bbp,2
1901379,paper_nit,2
1901614,paper_all,2
1902458,paper_all,2
1902499,paper_all,2
1902651,paper_all,2
1902660,paper_all,2
1902698,paper_all,2
1902719,paper_all,2
1902741,paper_all,2
1902744,paper_all,2
1902751,paper_all,2
2902297,paper_bbp,2
2903828,paper_all,2
2903831,paper_all,2
2903840,paper_all,2
2903863,paper_all,2
2903870,paper_all,2
2903886,paper_all,2
2903909,paper_all,2
2903918,paper_all,2
2903919,paper_all,2
2903938,paper_all,2
2903964,paper_all,2
2903986,paper_all,2
2904010,paper_all,2
2904014,paper_all,2
3902345,paper_all,2
3902498,paper_all,2
3902533,paper_all,2
3902557,paper_all,2
3902612,paper_all,2
3902660,paper_all,2
4903570,paper_all,2
4903624,paper_all,2
4903831,paper_all,2
4903832,paper_all,2
4903854,paper_all,2
4903881,paper_all,2
4903899,paper_all,2
5903714,paper_all,2
5903742,paper_nit,2
5904107,paper_nit,2
5904180,paper_all,2
5904469,paper_all,2
5904674,paper_nit,2
5904675,paper_nit,2
5904859,paper_all,2
5905367,paper_all,2
5905370,paper_all,2
5905379,paper_all,2
5905568,paper_all,2
5905617,paper_all,2
5905635,paper_all,2
5905637,paper_all,2
5905994,paper_all,2
5906002,paper_all,2
5906007,paper_all,2
5906008,paper_all,2
5906041,paper_nit,2
5906042,paper_nit,2
5906210,paper_nit,2
5906483,paper_all,2
5906486,paper_all,2
5906493,paper_all,2
5906494,paper_all,2
5906495,paper_all,2
5906497,paper_all,2
5906499,paper_all,2
5906517,paper_all,2
5906529,paper_all,2
5906531,paper_all,2
5906533,paper_all,2
5906549,paper_all,2
5906564,paper_all,2
5906567,paper_all,2
5906571,paper_all,2
5906572,paper_all,2
5906574,paper_all,2
5906582,paper_all,2
5906880,paper_all,2
5906882,paper_all,2
5906884,paper_all,2
6901181,paper_bbp,2
6902700,paper_all,2
6902701,paper_all,2
6902743,paper_bbp,2
6902900,paper_all,2
6904187,paper_all,2
6904188,paper_all,2
6990587,paper_all,2
6990687,paper_all,2
6990690,paper_all,2
6990692,paper_all,2
6990700,paper_all,2
7901006,paper_bbp,2
7901111,paper_all,2
7901146,paper_all,2
7902100,paper_all,2
7902101,paper_all,2
7902130,paper_all,2
7902139,paper_all,2
7902141,paper_all,2
7902145,paper_all,2
7902146,paper_all,2
7902151,paper_all,2
7902265,paper_all,2
7902312,paper_all,2
1902303,paper_all,3
1902384,paper_all,3
1902385,paper_all,3
1902492,paper_all,3
1902496,paper_all,3
1902500,paper_all,3
1902578,paper_bbp,3
1902594,paper_bbp,3
1902601,paper_bbp,3
1902603,paper_bbp,3
1902605,paper_all,3
1902637,paper_bbp,3
1902646,paper_all,3
1902648,paper_all,3
1902650,paper_all,3
1902659,paper_bbp,3
1902683,paper_bbp,3
1902685,paper_bbp,3
2902086,paper_bbp,3
2902087,paper_bbp,3
2902088,paper_bbp,3
2902090,paper_bbp,3
2902091,paper_bbp,3
2902113,paper_bbp,3
2902114,paper_bbp,3
2902115,paper_bbp,3
2902118,paper_bbp,3
2902120,paper_bbp,3
2902123,paper_bbp,3
2902124,paper_bbp,3
2902129,paper_bbp,3
2902130,paper_bbp,3
2902131,paper_bbp,3
2902156,paper_bbp,3
2902158,paper_bbp,3
2902160,paper_bbp,3
2902161,paper_bbp,3
2902174,paper_bbp,3
2902175,paper_bbp,3
2902177,paper_bbp,3
2902178,paper_bbp,3
2902179,paper_bbp,3
2902189,paper_bbp,3
2902193,paper_bbp,3
2902196,paper_bbp,3
2902199,paper_bbp,3
2902202,paper_bbp,3
2902205,paper_bbp,3
2902209,paper_bbp,3
2902210,paper_bbp,3
2902211,paper_bbp,3
2902215,paper_bbp,3
2902216,paper_bbp,3
2902217,paper_bbp,3
2902218,paper_bbp,3
2902238,paper_bbp,3
2902239,paper_bbp,3
2902240,paper_bbp,3
2902241,paper_bbp,3
2902242,paper_bbp,3
2902243,paper_bbp,3
2902244,paper_bbp,3
2902245,paper_bbp,3
2902263,paper_bbp,3
2902264,paper_bbp,3
2902270,paper_bbp,3
2902271,paper_bbp,3
2902274,paper_bbp,3
2902298,paper_bbp,3
2902701,paper_bbp,3
2902753,paper_all,3
2902754,paper_all,3
2902755,paper_all,3
2902756,paper_all,3
2902822,paper_all,3
2902823,paper_all,3
2902878,paper_all,3
2902882,paper_all,3
2902883,paper_all,3
2902884,paper_all,3
2902885,paper_all,3
2902886,paper_all,3
2903210,paper_bbp,3
2903213,paper_all,3
2903354,paper_bbp,3
2903393,paper_bbp,3
2903396,paper_bbp,3
2903459,paper_all,3
2903469,paper_all,3
2903470,paper_all,3
2903666,paper_bbp,3
2903670,paper_bbp,3
2903700,paper_bbp,3
2903783,paper_all,3
2903787,paper_bbp,3
2903797,paper_bbp,3
2903855,paper_all,3
2903860,paper_all,3
2903862,paper_all,3
2903872,paper_all,3
2903874,paper_bbp,3
2903878,paper_all,3
2903902,paper_bbp,3
3901496,paper_bbp,3
3901498,paper_bbp,3
3901530,paper_bbp,3
3901531,paper_bbp,3
3902123,paper_all,3
3902124,paper_all,3
3902471,paper_bbp,3
3902472,paper_bbp,3
3902488,paper_all,3
3902490,paper_bbp,3
3902492,paper_all,3
3902564,paper_bbp,3
3902581,paper_bbp,3
4901804,paper_all,3
4901806,paper_all,3
4902437,paper_all,3
4902596,paper_bbp,3
4902597,paper_bbp,3
4902598,paper_bbp,3
4902599,paper_bbp,3
4902600,paper_bbp,3
4902601,paper_bbp,3
4902602,paper_all,3
4902620,paper_bbp,3
4902622,paper_bbp,3
4902623,paper_bbp,3
4902626,paper_bbp,3
4902627,paper_bbp,3
4902628,paper_bbp,3
4902630,paper_all,3
4902684,paper_bbp,3
4902685,paper_bbp,3
4903273,paper_all,3
4903274,paper_all,3
4903458,paper_all,3
4903487,paper_all,3
4903489,paper_all,3
4903500,paper_all,3
4903533,paper_all,3
4903587,paper_all,3
4903591,paper_all,3
4903625,paper_all,3
4903634,paper_bbp,3
4903643,paper_bbp,3
4903657,paper_all,3
4903658,paper_bbp,3
4903660,paper_bbp,3
4903661,paper_bbp,3
4903711,paper_all,3
4903714,paper_bbp,3
4903739,paper_bbp,3
4903740,paper_bbp,3
4903745,paper_all,3
4903747,paper_all,3
4903748,paper_all,3
4903756,paper_all,3
4903760,paper_bbp,3
4903774,paper_bbp,3
4903783,paper_bbp,3
4903784,paper_bbp,3
5903630,paper_bbp,3
5903660,paper_bbp,3
5903711,paper_all,3
5903717,paper_all,3
5903955,paper_bbp,3
5904124,paper_all,3
5904172,paper_all,3
5904181,paper_all,3
5904182,paper_all,3
5904183,paper_all,3
5904184,paper_all,3
5904218,paper_bbp,3
5904478,paper_all,3
5904655,paper_all,3
5904685,paper_all,3
5904687,paper_all,3
5904764,paper_all,3
5904768,paper_all,3
5904841,paper_all,3
5904843,paper_all,3
5904847,paper_all,3
5904855,paper_all,3
5904858,paper_all,3
5904860,paper_all,3
5904981,paper_all,3
5904983,paper_all,3
5905022,paper_all,3
5905074,paper_all,3
5905075,paper_all,3
5905077,paper_all,3
5905078,paper_all,3
5905101,paper_all,3
5905104,paper_all,3
5905107,paper_all,3
5905198,paper_bbp,3
5905199,paper_bbp,3
5905229,paper_all,3
5905366,paper_all,3
5905369,paper_all,3
5905395,paper_bbp,3
5905519,paper_all,3
5905634,paper_all,3
5905636,paper_all,3
5905639,paper_all,3
5905981,paper_all,3
5905983,paper_all,3
5905988,paper_all,3
5906005,paper_all,3
5906040,paper_all,3
5906205,paper_all,3
5906218,paper_all,3
5906228,paper_all,3
5906236,paper_bbp,3
5906237,paper_bbp,3
5906243,paper_all,3
5906247,paper_all,3
5906300,paper_bbp,3
5906302,paper_bbp,3
5906304,paper_all,3
5906306,paper_all,3
5906309,paper_all,3
5906313,paper_all,3
5906318,paper_all,3
5906342,paper_all,3
5906343,paper_all,3
5906439,paper_all,3
5906449,paper_all,3
5906450,paper_all,3
5906468,paper_all,3
5906484,paper_all,3
5906485,paper_all,3
5906502,paper_all,3
5906503,paper_all,3
5906510,paper_all,3
5906512,paper_all,3
5906514,paper_all,3
5906516,paper_all,3
5906519,paper_all,3
5906520,paper_all,3
5906521,paper_all,3
5906523,paper_all,3
5906534,paper_all,3
5906547,paper_all,3
5906555,paper_all,3
5906556,paper_all,3
5906557,paper_all,3
5906558,paper_all,3
5906565,paper_all,3
5906570,paper_all,3
5906577,paper_all,3
5906578,paper_all,3
5906579,paper_all,3
5906580,paper_all,3
5906597,paper_all,3
5906645,paper_all,3
5906766,paper_all,3
5906868,paper_all,3
5906971,paper_all,3
5906981,paper_bbp,3
5906990,paper_bbp,3
5907047,paper_bbp,3
5907050,paper_all,3
5907051,paper_all,3
5907054,paper_all,3
5907055,paper_all,3
5907058,paper_all,3
5907063,paper_bbp,3
5907092,paper_bbp,3
6900796,paper_bbp,3
6900797,paper_bbp,3
6900798,paper_bbp,3
6900799,paper_bbp,3
6900807,paper_bbp,3
6900876,paper_bbp,3
6900877,paper_bbp,3
6901151,paper_bbp,3
6901175,paper_bbp,3
6901180,paper_bbp,3
6901182,paper_bbp,3
6901183,paper_bbp,3
6901437,paper_all,3
6901439,paper_bbp,3
6901440,paper_all,3
6901473,paper_bbp,3
6901474,paper_all,3
6901483,paper_all,3
6901490,paper_all,3
6901573,paper_bbp,3
6901577,paper_bbp,3
6901579,paper_bbp,3
6901581,paper_bbp,3
6901584,paper_bbp,3
6901652,paper_bbp,3
6901656,paper_bbp,3
6901658,paper_bbp,3
6901659,paper_all,3
6901689,paper_all,3
6901766,paper_all,3
6901772,paper_all,3
6901776,paper_bbp,3
6901865,paper_all,3
6901866,paper_all,3
6902014,paper_bbp,3
6902018,paper_bbp,3
6902019,paper_bbp,3
6902020,paper_bbp,3
6902021,paper_bbp,3
6902024,paper_bbp,3
6902027,paper_bbp,3
6902028,paper_bbp,3
6902546,paper_bbp,3
6902666,paper_all,3
6902670,paper_all,3
6902671,paper_all,3
6902736,paper_bbp,3
6902738,paper_bbp,3
6902740,paper_bbp,3
6902742,paper_bbp,3
6902829,paper_all,3
6902880,paper_bbp,3
6902896,paper_all,3
6902897,paper_all,3
6902906,paper_bbp,3
6902907,paper_bbp,3
6902908,paper_bbp,3
6902954,paper_all,3
6902969,paper_all,3
6903026,paper_bbp,3
6903069,paper_bbp,3
6903070,paper_bbp,3
6903091,paper_bbp,3
6903093,paper_bbp,3
6903094,paper_all,3
6903095,paper_bbp,3
6903096,paper_bbp,3
6903124,paper_bbp,3
6903125,paper_all,3
6903126,paper_all,3
6903130,paper_bbp,3
6903240,paper_all,3
6903249,paper_all,3
6903250,paper_all,3
6903570,paper_bbp,3
6903575,paper_all,3
6903577,paper_bbp,3
6903578,paper_bbp,3
6903590,paper_all,3
6903591,paper_all,3
6903697,paper_bbp,3
6903706,paper_bbp,3
6903708,paper_bbp,3
6903711,paper_bbp,3
6903823,paper_bbp,3
6903876,paper_bbp,3
6903877,paper_bbp,3
6903878,paper_bbp,3
6904116,paper_all,3
6904117,paper_all,3
6904134,paper_bbp,3
6904139,paper_bbp,3
6904182,paper_all,3
6904184,paper_all,3
6904185,paper_all,3
6904226,paper_bbp,3
6904235,paper_bbp,3
6990503,paper_bbp,3
6990504,paper_bbp,3
6990514,paper_bbp,3
6990516,paper_all,3
6990528,paper_bbp,3
6990580,paper_bbp,3
6990584,paper_all,3
6990585,paper_all,3
6990588,paper_all,3
6990592,paper_bbp,3
7900559,paper_bbp,3
7900563,paper_bbp,3
7900579,paper_bbp,3
7900580,paper_bbp,3
7900584,paper_bbp,3
7900586,paper_bbp,3
7900587,paper_bbp,3
7900591,paper_bbp,3
7900592,paper_bbp,3
7900824,paper_all,3
7900825,paper_all,3
7900826,paper_all,3
7900827,paper_all,3
7900915,paper_all,3
7901007,paper_bbp,3
7901023,paper_bbp,3
7901065,paper_all,3
7901107,paper_all,3
7901108,paper_all,3
7901124,paper_all,3
7901136,paper_bbp,3
1900650,paper_phys,4
1900651,paper_phys,4
1900652,paper_phys,4
1900722,paper_phys,4
1901134,paper_phys,4
1901135,paper_phys,4
1901152,paper_phys,4
1901153,paper_phys,4
1901154,paper_phys,4
1901155,paper_phys,4
1901156,paper_phys,4
1901157,paper_phys,4
1901158,paper_phys,4
1901159,paper_phys,4
1901205,paper_phys,4
1901206,paper_phys,4
1901207,paper_phys,4
1901208,paper_phys,4
1901209,paper_phys,4
1901210,paper_phys,4
1901211,paper_phys,4
1901212,paper_phys,4
1901213,paper_phys,4
1901214,paper_phys,4
1901215,paper_phys,4
1901217,paper_phys,4
1901218,paper_phys,4
1901360,paper_phys,4
1901361,paper_phys,4
1901362,paper_phys,4
1901363,paper_phys,4
1901364,paper_phys,4
1901365,paper_phys,4
1901466,paper_phys,4
1901467,paper_phys,4
1901468,paper_phys,4
1901498,paper_phys,4
1901499,paper_phys,4
1901501,paper_phys,4
1901615,paper_all,4
1901668,paper_phys,4
1902367,paper_all,4
1902368,paper_all,4
1902369,paper_all,4
1902370,paper_all,4
1902371,paper_all,4
1902372,paper_all,4
1902373,paper_all,4
1902374,paper_all,4
1902489,paper_all,4
1902501,paper_all,4
1902604,paper_phys,4
1902621,paper_phys,4
1902627,paper_all,4
1902628,paper_all,4
1902647,paper_all,4
1902652,paper_all,4
1902653,paper_all,4
1902656,paper_phys,4
1902657,paper_phys,4
1902662,paper_phys,4
1902663,paper_phys,4
1902666,paper_all,4
1902681,paper_phys,4
1902682,paper_phys,4
1902686,paper_phys,4
1902688,paper_phys,4
1902689,paper_phys,4
1902690,paper_phys,4
1902691,paper_phys,4
1902692,paper_all,4
1902695,paper_bbp,4
1902703,paper_all,4
1902704,paper_all,4
1902705,paper_all,4
1902706,paper_all,4
1902707,paper_all,4
1902708,paper_all,4
1902714,paper_phys,4
1902715,paper_bbp,4
1902718,paper_all,4
1902722,paper_all,4
1902740,paper_phys,4
1902742,paper_all,4
1902743,paper_all,4
1902745,paper_all,4
1902746,paper_all,4
1902747,paper_all,4
1902757,paper_phys,4
1902765,paper_phys,4
1902766,paper_phys,4
1902769,paper_phys,4
1902770,paper_phys,4
1902783,paper_phys,4
1902827,paper_phys,4
1902845,paper_bbp,4
1902851,paper_phys,4
1902852,paper_phys,4
2900114,paper_phys,4
2900115,paper_phys,4
2900116,paper_phys,4
2900117,paper_phys,4
2900118,paper_phys,4
2900119,paper_phys,4
2900120,paper_phys,4
2900123,paper_phys,4
2900124,paper_phys,4
2900125,paper_phys,4
2900126,paper_phys,4
2900127,paper_phys,4
2900128,paper_phys,4
2900129,paper_phys,4
2900604,paper_phys,4
2900608,paper_phys,4
2900609,paper_phys,4
2900610,paper_phys,4
2900727,paper_phys,4
2900728,paper_phys,4
2900731,paper_phys,4
2900734,paper_phys,4
2900735,paper_phys,4
2900737,paper_phys,4
2900784,paper_phys,4
2900786,paper_phys,4
2900788,paper_phys,4
2900790,paper_phys,4
2900791,paper_phys,4
2900794,paper_phys,4
2900882,paper_phys,4
2900883,paper_phys,4
2900888,paper_phys,4
2900915,paper_phys,4
2900916,paper_phys,4
2900917,paper_phys,4
2900918,paper_phys,4
2900919,paper_phys,4
2900926,paper_phys,4
2900940,paper_phys,4
2900961,paper_phys,4
2900962,paper_phys,4
2900993,paper_phys,4
2900997,paper_phys,4
2900998,paper_phys,4
2900999,paper_phys,4
2901041,paper_phys,4
2901042,paper_phys,4
2901043,paper_phys,4
2901073,paper_phys,4
2901074,paper_phys,4
2901081,paper_phys,4
2901082,paper_phys,4
2901177,paper_phys,4
2901178,paper_phys,4
2901208,paper_phys,4
2901209,paper_phys,4
2901210,paper_phys,4
2901211,paper_phys,4
2901212,paper_phys,4
2901527,paper_phys,4
2901528,paper_phys,4
2901550,paper_phys,4
2901551,paper_phys,4
2901552,paper_phys,4
2901553,paper_phys,4
2901554,paper_phys,4
2901555,paper_phys,4
2901556,paper_phys,4
2901557,paper_phys,4
2901558,paper_phys,4
2901559,paper_phys,4
2901560,paper_phys,4
2901561,paper_phys,4
2901562,paper_phys,4
2901563,paper_phys,4
2901564,paper_phys,4
2901565,paper_phys,4
2901566,paper_phys,4
2901705,paper_phys,4
2901744,paper_phys,4
2901755,paper_phys,4
2901918,paper_phys,4
2901931,paper_phys,4
2901932,paper_phys,4
2901936,paper_phys,4
2901985,paper_bbp,4
2902306,paper_all,4
2902431,paper_phys,4
2902432,paper_phys,4
2902433,paper_phys,4
2902434,paper_phys,4
2902435,paper_phys,4
2902436,paper_phys,4
2902437,paper_phys,4
2902438,paper_phys,4
2902439,paper_phys,4
2902440,paper_phys,4
2902441,paper_phys,4
2902442,paper_phys,4
2902443,paper_phys,4
2902444,paper_phys,4
2902445,paper_phys,4
2902446,paper_phys,4
2902447,paper_phys,4
2902448,paper_phys,4
2902449,paper_phys,4
2902450,paper_phys,4
2902529,paper_phys,4
2902530,paper_phys,4
2902731,paper_phys,4
2902732,paper_phys,4
2902733,paper_phys,4
2902734,paper_phys,4
2902735,paper_phys,4
2902736,paper_phys,4
2902746,paper_phys,4
2902747,paper_phys,4
2902757,paper_phys,4
2902758,paper_phys,4
2902764,paper_phys,4
2902825,paper_phys,4
2902826,paper_phys,4
2902827,paper_phys,4
2902829,paper_phys,4
2902830,paper_phys,4
2902831,paper_phys,4
2902832,paper_phys,4
2902833,paper_phys,4
2902834,paper_phys,4
2902835,paper_phys,4
2902836,paper_phys,4
2902881,paper_phys,4
2902911,paper_bbp,4
2902912,paper_bbp,4
2902913,paper_all,4
2902914,paper_all,4
2902933,paper_bbp,4
2902934,paper_bbp,4
2902936,paper_bbp,4
2903006,paper_phys,4
2903007,paper_phys,4
2903008,paper_phys,4
2903009,paper_phys,4
2903010,paper_phys,4
2903011,paper_phys,4
2903012,paper_phys,4
2903013,paper_phys,4
2903014,paper_phys,4
2903165,paper_phys,4
2903166,paper_phys,4
2903167,paper_phys,4
2903168,paper_phys,4
2903169,paper_phys,4
2903170,paper_phys,4
2903171,paper_phys,4
2903172,paper_phys,4
2903173,paper_phys,4
2903174,paper_phys,4
2903175,paper_phys,4
2903176,paper_phys,4
2903209,paper_phys,4
2903212,paper_phys,4
2903353,paper_phys,4
2903439,paper_all,4
2903440,paper_all,4
2903441,paper_all,4
2903613,paper_phys,4
2903614,paper_phys,4
2903615,paper_phys,4
2903648,paper_phys,4
2903650,paper_phys,4
2903651,paper_phys,4
2903652,paper_phys,4
2903653,paper_phys,4
2903654,paper_phys,4
2903655,paper_phys,4
2903656,paper_phys,4
2903657,paper_phys,4
2903667,paper_phys,4
2903762,paper_all,4
2903763,paper_all,4
2903792,paper_phys,4
2903795,paper_phys,4
2903802,paper_bbp,4
2903829,paper_all,4
2903833,paper_all,4
2903834,paper_all,4
2903837,paper_all,4
2903838,paper_all,4
2903839,paper_all,4
2903841,paper_all,4
2903875,paper_phys,4
2903876,paper_phys,4
2903880,paper_phys,4
2903881,paper_phys,4
2903884,paper_all,4
2903885,paper_all,4
2903887,paper_all,4
2903898,paper_phys,4
2903899,paper_phys,4
2903900,paper_phys,4
2903901,paper_phys,4
2903903,paper_phys,4
2903904,paper_all,4
2903908,paper_phys,4
2903913,paper_all,4
2903914,paper_all,4
2903915,paper_all,4
2903920,paper_all,4
2903922,paper_all,4
2903923,paper_all,4
2903924,paper_all,4
2903926,paper_all,4
2903928,paper_phys,4
2903929,paper_phys,4
2903930,paper_phys,4
2903936,paper_all,4
2903939,paper_all,4
2903940,paper_all,4
2903941,paper_all,4
2903947,paper_phys,4
2903948,paper_phys,4
2903950,paper_bbp,4
2903951,paper_bbp,4
2903965,paper_all,4
2903966,paper_all,4
2903967,paper_all,4
2903968,paper_all,4
2903969,paper_all,4
2903970,paper_all,4
2903971,paper_all,4
2903972,paper_all,4
2903973,paper_all,4
2903985,paper_bbp,4
2903990,paper_phys,4
2903993,paper_phys,4
2904000,paper_phys,4
2904001,paper_phys,4
2904004,paper_phys,4
2904011,paper_all,4
2904013,paper_all,4
2904023,paper_phys,4
2904024,paper_bbp,4
2904029,paper_bbp,4
2904032,paper_phys,4
2904040,paper_phys,4
2904041,paper_phys,4
2904044,paper_phys,4
2904077,paper_all,4
2904083,paper_bbp,4
2904084,paper_phys,4
2904085,paper_phys,4
2904086,paper_phys,4
2904092,paper_phys,4
3900333,paper_phys,4
3900334,paper_phys,4
3900344,paper_phys,4
3900345,paper_phys,4
3900346,paper_phys,4
3900347,paper_phys,4
3900348,paper_phys,4
3900515,paper_phys,4
3900521,paper_phys,4
3900522,paper_phys,4
3900523,paper_phys,4
3900524,paper_phys,4
3900531,paper_phys,4
3900532,paper_phys,4
3900533,paper_phys,4
3900534,paper_phys,4
3900713,paper_phys,4
3900715,paper_phys,4
3900718,paper_phys,4
3900727,paper_phys,4
3900728,paper_phys,4
3900729,paper_phys,4
3900763,paper_phys,4
3900791,paper_phys,4
3900792,paper_phys,4
3900793,paper_phys,4
3901065,paper_phys,4
3901066,paper_phys,4
3901067,paper_phys,4
3901068,paper_phys,4
3901075,paper_phys,4
3901076,paper_phys,4
3901077,paper_phys,4
3901078,paper_phys,4
3901079,paper_phys,4
3901080,paper_phys,4
3901081,paper_phys,4
3901082,paper_phys,4
3901083,paper_phys,4
3901084,paper_phys,4
3901466,paper_phys,4
3901667,paper_phys,4
3901668,paper_phys,4
3901669,paper_phys,4
3901998,paper_phys,4
3901999,paper_phys,4
3902004,paper_phys,4
3902005,paper_phys,4
3902006,paper_phys,4
3902007,paper_phys,4
3902009,paper_phys,4
3902010,paper_phys,4
3902011,paper_phys,4
3902101,paper_phys,4
3902104,paper_phys,4
3902106,paper_phys,4
3902110,paper_phys,4
3902111,paper_phys,4
3902113,paper_phys,4
3902114,paper_phys,4
3902115,paper_phys,4
3902116,paper_phys,4
3902117,paper_phys,4
3902118,paper_phys,4
3902119,paper_phys,4
3902126,paper_phys,4
3902127,paper_phys,4
3902128,paper_phys,4
3902129,paper_phys,4
3902130,paper_phys,4
3902131,paper_phys,4
3902132,paper_phys,4
3902340,paper_all,4
3902341,paper_all,4
3902342,paper_all,4
3902343,paper_all,4
3902344,paper_all,4
3902348,paper_all,4
3902452,paper_phys,4
3902454,paper_bbp,4
3902461,paper_phys,4
3902462,paper_phys,4
3902463,paper_phys,4
3902464,paper_phys,4
3902465,paper_phys,4
3902476,paper_phys,4
3902483,paper_phys,4
3902484,paper_phys,4
3902491,paper_nit,4
3902500,paper_phys,4
3902506,paper_phys,4
3902531,paper_phys,4
3902563,paper_phys,4
3902566,paper_phys,4
3902579,paper_phys,4
3902580,paper_phys,4
3902585,paper_phys,4
3902587,paper_phys,4
3902588,paper_phys,4
3902590,paper_phys,4
3902608,paper_phys,4
3902615,paper_all,4
3902626,paper_phys,4
3902641,paper_bbp,4
3902642,paper_all,4
3902643,paper_all,4
3902644,paper_all,4
3902645,paper_all,4
3902646,paper_all,4
3902647,paper_all,4
3902657,paper_phys,4
3902663,paper_phys,4
3902664,paper_phys,4
3902670,paper_phys,4
3902671,paper_phys,4
3902681,paper_phys,4
3902682,paper_all,4
3902683,paper_all,4
3902684,paper_bbp,4
3902691,paper_phys,4
3902692,paper_phys,4
3902695,paper_phys,4
3902708,paper_phys,4
3902713,paper_phys,4
3902746,paper_phys,4
3902747,paper_all,4
3902750,paper_bbp,4
3902751,paper_bbp,4
3902752,paper_all,4
3902753,paper_all,4
3902754,paper_bbp,4
3902755,paper_bbp,4
3902756,paper_phys,4
3902758,paper_phys,4
4900474,paper_phys,4
4900475,paper_phys,4
4900476,paper_phys,4
4900480,paper_phys,4
4900481,paper_phys,4
4900483,paper_phys,4
4900485,paper_phys,4
4900487,paper_phys,4
4900627,paper_phys,4
4900637,paper_phys,4
4900845,paper_phys,4
4900869,paper_phys,4
4900870,paper_phys,4
4900871,paper_phys,4
4900872,paper_phys,4
4900873,paper_phys,4
4900874,paper_phys,4
4900879,paper_phys,4
4900881,paper_phys,4
4900882,paper_phys,4
4900883,paper_phys,4
4900905,paper_phys,4
4901043,paper_phys,4
4901045,paper_phys,4
4901134,paper_phys,4
4901135,paper_phys,4
4901136,paper_phys,4
4901137,paper_phys,4
4901139,paper_phys,4
4901140,paper_phys,4
4901141,paper_phys,4
4901142,paper_phys,4
4901216,paper_phys,4
4901283,paper_phys,4
4901458,paper_phys,4
4901459,paper_phys,4
4901460,paper_phys,4
4901707,paper_phys,4
4901715,paper_phys,4
4901779,paper_phys,4
4901780,paper_phys,4
4901781,paper_phys,4
4901782,paper_phys,4
4901784,paper_phys,4
4901785,paper_phys,4
4901786,paper_phys,4
4901790,paper_phys,4
4901791,paper_phys,4
4901801,paper_phys,4
4902383,paper_phys,4
4902384,paper_phys,4
4902386,paper_phys,4
4902390,paper_phys,4
4902409,paper_phys,4
4902410,paper_phys,4
4902414,paper_phys,4
4902480,paper_phys,4
4902481,paper_phys,4
4902549,paper_phys,4
4902550,paper_phys,4
4902551,paper_phys,4
4902552,paper_phys,4
4902553,paper_phys,4
4902554,paper_phys,4
4902555,paper_phys,4
4902576,paper_phys,4
4902577,paper_phys,4
4902578,paper_phys,4
4902579,paper_phys,4
4902580,paper_phys,4
4902581,paper_phys,4
4902582,paper_phys,4
4902583,paper_phys,4
4902584,paper_phys,4
4902585,paper_phys,4
4902586,paper_phys,4
4902587,paper_phys,4
4902588,paper_phys,4
4902589,paper_phys,4
4902612,paper_phys,4
4902613,paper_phys,4
4902614,paper_phys,4
4902615,paper_phys,4
4902616,paper_phys,4
4902624,paper_bbp,4
4902625,paper_bbp,4
4902629,paper_bbp,4
4902631,paper_phys,4
4902633,paper_phys,4
4902634,paper_phys,4
4902635,paper_phys,4
4902636,paper_phys,4
4902637,paper_phys,4
4902638,paper_phys,4
4902639,paper_phys,4
4902640,paper_phys,4
4902641,paper_phys,4
4902642,paper_phys,4
4902643,paper_phys,4
4902644,paper_phys,4
4902645,paper_phys,4
4902646,paper_phys,4
4902647,paper_phys,4
4902649,paper_phys,4
4902650,paper_phys,4
4902651,paper_phys,4
4902652,paper_phys,4
4902660,paper_phys,4
4902662,paper_phys,4
4902663,paper_phys,4
4902674,paper_bbp,4
4902675,paper_bbp,4
4902676,paper_bbp,4
4902677,paper_bbp,4
4902678,paper_bbp,4
4902679,paper_all,4
4902680,paper_all,4
4902681,paper_all,4
4902683,paper_all,4
4902686,paper_bbp,4
4902687,paper_bbp,4
4902688,paper_bbp,4
4902990,paper_phys,4
4903457,paper_all,4
4903564,paper_all,4
4903565,paper_all,4
4903566,paper_all,4
4903590,paper_all,4
4903611,paper_phys,4
4903613,paper_all,4
4903614,paper_all,4
4903615,paper_all,4
4903641,paper_phys,4
4903666,paper_phys,4
4903668,paper_phys,4
4903672,paper_phys,4
4903679,paper_phys,4
4903685,paper_all,4
4903759,paper_phys,4
4903761,paper_all,4
4903763,paper_phys,4
4903782,paper_phys,4
4903788,paper_phys,4
4903797,paper_phys,4
4903798,paper_phys,4
4903817,paper_phys,4
4903818,paper_phys,4
4903820,paper_phys,4
4903821,paper_phys,4
4903828,paper_all,4
4903847,paper_bbp,4
4903848,paper_bbp,4
4903849,paper_all,4
4903850,paper_all,4
4903851,paper_all,4
4903852,paper_all,4
4903853,paper_all,4
4903855,paper_all,4
4903856,paper_all,4
4903857,paper_all,4
4903858,paper_all,4
4903859,paper_all,4
4903865,paper_bbp,4
4903878,paper_phys,4
4903879,paper_phys,4
4903884,paper_phys,4
4903886,paper_phys,4
4903887,paper_phys,4
4903888,paper_bbp,4
4903889,paper_phys,4
4903894,paper_phys,4
4903900,paper_phys,4
4903904,paper_all,4
4903909,paper_phys,4
4903918,paper_phys,4
4903919,paper_phys,4
4903929,paper_phys,4
4903930,paper_phys,4
4903968,paper_phys,4
4903969,paper_all,4
4903973,paper_bbp,4
4903974,paper_phys,4
4903977,paper_phys,4
5900841,paper_phys,4
5900952,paper_phys,4
5900961,paper_phys,4
5900965,paper_phys,4
5900966,paper_phys,4
5901042,paper_phys,4
5901043,paper_phys,4
5901044,paper_phys,4
5901045,paper_phys,4
5901046,paper_phys,4
5901047,paper_phys,4
5901048,paper_phys,4
5901049,paper_phys,4
5901050,paper_phys,4
5901051,paper_phys,4
5901052,paper_phys,4
5901053,paper_phys,4
5901054,paper_phys,4
5901069,paper_phys,4
5901071,paper_phys,4
5901072,paper_phys,4
5901178,paper_phys,4
5901187,paper_phys,4
5901188,paper_phys,4
5901310,paper_phys,4
5901311,paper_phys,4
5901313,paper_phys,4
5901314,paper_phys,4
5901315,paper_phys,4
5901316,paper_phys,4
5901336,paper_phys,4
5901339,paper_phys,4
5901369,paper_phys,4
5901372,paper_phys,4
5901373,paper_phys,4
5901444,paper_phys,4
5901445,paper_phys,4
5901446,paper_phys,4
5901447,paper_phys,4
5901448,paper_phys,4
5901449,paper_phys,4
5901450,paper_phys,4
5901451,paper_phys,4
5901452,paper_phys,4
5901454,paper_phys,4
5901455,paper_phys,4
5901456,paper_phys,4
5901457,paper_phys,4
5901458,paper_phys,4
5901459,paper_phys,4
5901460,paper_phys,4
5901461,paper_phys,4
5901462,paper_phys,4
5901463,paper_phys,4
5901464,paper_phys,4
5901465,paper_phys,4
5901466,paper_phys,4
5901467,paper_phys,4
5901468,paper_nit,4
5901491,paper_phys,4
5901492,paper_nit,4
5901644,paper_phys,4
5901645,paper_phys,4
5901646,paper_phys,4
5901647,paper_phys,4
5901648,paper_phys,4
5901696,paper_phys,4
5901697,paper_phys,4
5901698,paper_phys,4
5901699,paper_phys,4
5901730,paper_phys,4
5901731,paper_phys,4
5901733,paper_phys,4
5901734,paper_phys,4
5901735,paper_phys,4
5901736,paper_phys,4
5901737,paper_phys,4
5901738,paper_phys,4
5901739,paper_phys,4
5901740,paper_phys,4
5901741,paper_phys,4
5901742,paper_phys,4
5901743,paper_phys,4
5901744,paper_phys,4
5902099,paper_phys,4
5902100,paper_phys,4
5902101,paper_phys,4
5902105,paper_phys,4
5902109,paper_phys,4
5902110,paper_phys,4
5902113,paper_phys,4
5902116,paper_phys,4
5902117,paper_phys,4
5902128,paper_nit,4
5902261,paper_phys,4
5902265,paper_phys,4
5902266,paper_phys,4
5902267,paper_phys,4
5902269,paper_phys,4
5902291,paper_phys,4
5902295,paper_phys,4
5902297,paper_phys,4
5902298,paper_phys,4
5902299,paper_phys,4
5902300,paper_phys,4
5902301,paper_phys,4
5902302,paper_phys,4
5902303,paper_phys,4
5902304,paper_phys,4
5902305,paper_phys,4
5902306,paper_phys,4
5902307,paper_phys,4
5902308,paper_phys,4
5903218,paper_phys,4
5903225,paper_phys,4
5903226,paper_phys,4
5903242,paper_phys,4
5903248,paper_phys,4
5903255,paper_phys,4
5903256,paper_phys,4
5903257,paper_phys,4
5903258,paper_phys,4
5903259,paper_phys,4
5903260,paper_phys,4
5903264,paper_phys,4
5903272,paper_nit,4
5903381,paper_phys,4
5903382,paper_phys,4
5903385,paper_nit,4
5903405,paper_nit,4
5903611,paper_nit,4
5903613,paper_phys,4
5903614,paper_phys,4
5903615,paper_phys,4
5903616,paper_phys,4
5903656,paper_phys,4
5903677,paper_phys,4
5903712,paper_nit,4
5903713,paper_phys,4
5903719,paper_phys,4
5903720,paper_phys,4
5903721,paper_phys,4
5903722,paper_phys,4
5903723,paper_phys,4
5903724,paper_phys,4
5903741,paper_phys,4
5903743,paper_phys,4
5903753,paper_nit,4
5903754,paper_nit,4
5903888,paper_phys,4
5903889,paper_phys,4
5903890,paper_nit,4
5903891,paper_nit,4
5903892,paper_nit,4
5903893,paper_phys,4
5903939,paper_phys,4
5903954,paper_phys,4
5903956,paper_phys,4
5903957,paper_phys,4
5904024,paper_phys,4
5904025,paper_phys,4
5904026,paper_phys,4
5904027,paper_phys,4
5904028,paper_phys,4
5904029,paper_phys,4
5904030,paper_phys,4
5904031,paper_phys,4
5904032,paper_phys,4
5904033,paper_phys,4
5904035,paper_nit,4
5904036,paper_phys,4
5904089,paper_phys,4
5904090,paper_phys,4
5904091,paper_phys,4
5904092,paper_phys,4
5904093,paper_phys,4
5904095,paper_phys,4
5904106,paper_phys,4
5904125,paper_nit,4
5904126,paper_phys,4
5904127,paper_nit,4
5904128,paper_nit,4
5904132,paper_phys,4
5904145,paper_phys,4
5904146,paper_phys,4
5904147,paper_phys,4
5904165,paper_phys,4
5904166,paper_phys,4
5904167,paper_phys,4
5904168,paper_phys,4
5904186,paper_phys,4
5904187,paper_phys,4
5904220,paper_phys,4
5904223,paper_phys,4
5904227,paper_phys,4
5904464,paper_phys,4
5904465,paper_phys,4
5904466,paper_phys,4
5904481,paper_phys,4
5904482,paper_phys,4
5904483,paper_phys,4
5904484,paper_phys,4
5904485,paper_phys,4
5904486,paper_phys,4
5904487,paper_phys,4
5904598,paper_phys,4
5904599,paper_phys,4
5904600,paper_phys,4
5904601,paper_phys,4
5904602,paper_phys,4
5904658,paper_nit,4
5904664,paper_phys,4
5904665,paper_phys,4
5904666,paper_phys,4
5904667,paper_phys,4
5904689,paper_phys,4
5904690,paper_phys,4
5904691,paper_phys,4
5904692,paper_phys,4
5904769,paper_phys,4
5904770,paper_phys,4
5904848,paper_phys,4
5904849,paper_phys,4
5904850,paper_phys,4
5904851,paper_phys,4
5904852,paper_phys,4
5904853,paper_phys,4
5904988,paper_phys,4
5904989,paper_phys,4
5905030,paper_nit,4
5905062,paper_phys,4
5905067,paper_phys,4
5905068,paper_phys,4
5905091,paper_phys,4
5905092,paper_phys,4
5905093,paper_phys,4
5905094,paper_phys,4
5905095,paper_phys,4
5905096,paper_phys,4
5905097,paper_phys,4
5905098,paper_phys,4
5905110,paper_phys,4
5905111,paper_phys,4
5905112,paper_phys,4
5905113,paper_phys,4
5905136,paper_phys,4
5905137,paper_phys,4
5905138,paper_phys,4
5905141,paper_phys,4
5905142,paper_phys,4
5905218,paper_phys,4
5905223,paper_phys,4
5905232,paper_phys,4
5905380,paper_phys,4
5905381,paper_phys,4
5905382,paper_phys,4
5905383,paper_phys,4
5905557,paper_phys,4
5905583,paper_all,4
5905597,paper_bbp,4
5905598,paper_bbp,4
5905613,paper_bbp,4
5905972,paper_nit,4
5905973,paper_nit,4
5905974,paper_phys,4
5905975,paper_phys,4
5905976,paper_phys,4
5905977,paper_phys,4
5905986,paper_phys,4
5906018,paper_phys,4
5906019,paper_phys,4
5906020,paper_phys,4
5906021,paper_phys,4
5906027,paper_phys,4
5906028,paper_phys,4
5906046,paper_nit,4
5906201,paper_phys,4
5906202,paper_phys,4
5906203,paper_phys,4
5906211,paper_nit,4
5906215,paper_nit,4
5906216,paper_nit,4
5906221,paper_nit,4
5906223,paper_nit,4
5906225,paper_nit,4
5906229,paper_phys,4
5906230,paper_phys,4
5906250,paper_nit,4
5906445,paper_phys,4
5906477,paper_phys,4
5906478,paper_phys,4
5906479,paper_phys,4
5906480,paper_phys,4
5906481,paper_phys,4
5906482,paper_phys,4
5906528,paper_nit,4
5906532,paper_phys,4
5906543,paper_all,4
5906602,paper_phys,4
5906603,paper_phys,4
5906604,paper_phys,4
5906608,paper_phys,4
5906609,paper_phys,4
5906610,paper_phys,4
5906611,paper_phys,4
5906612,paper_phys,4
5906866,paper_phys,4
5906881,paper_all,4
5906883,paper_all,4
5906885,paper_all,4
5906969,paper_phys,4
5906993,paper_phys,4
5906994,paper_phys,4
5906995,paper_bbp,4
5906997,paper_phys,4
5907061,paper_all,4
5907064,paper_phys,4
5907065,paper_phys,4
5907066,paper_phys,4
5907068,paper_phys,4
5907071,paper_phys,4
5907072,paper_phys,4
5907086,paper_phys,4
5907090,paper_phys,4
5907091,paper_phys,4
5907105,paper_phys,4
5907108,paper_phys,4
5907126,paper_phys,4
5907131,paper_all,4
5907146,paper_bbp,4
5907147,paper_bbp,4
5907148,paper_all,4
5907149,paper_all,4
5907150,paper_all,4
5907152,paper_all,4
5907153,paper_all,4
5907154,paper_all,4
5907155,paper_all,4
5907156,paper_all,4
5907157,paper_all,4
5907158,paper_all,4
5907173,paper_phys,4
5907184,paper_bbp,4
5907185,paper_bbp,4
5907188,paper_phys,4
5907189,paper_phys,4
5907190,paper_phys,4
5907204,paper_phys,4
5907205,paper_phys,4
5907212,paper_all,4
5907213,paper_phys,4
5907215,paper_phys,4
5907218,paper_bbp,4
5907220,paper_phys,4
5907237,paper_phys,4
5907249,paper_all,4
5907251,paper_all,4
5907252,paper_all,4
5907255,paper_bbp,4
5907258,paper_bbp,4
5907259,paper_phys,4
5907260,paper_phys,4
6900346,paper_phys,4
6900499,paper_phys,4
6900500,paper_phys,4
6900524,paper_phys,4
6900525,paper_phys,4
6900526,paper_phys,4
6900527,paper_phys,4
6900528,paper_phys,4
6900529,paper_phys,4
6900530,paper_phys,4
6900531,paper_phys,4
6900532,paper_phys,4
6900627,paper_phys,4
6900628,paper_phys,4
6900629,paper_phys,4
6900630,paper_phys,4
6900631,paper_phys,4
6900632,paper_phys,4
6900642,paper_phys,4
6900643,paper_phys,4
6900760,paper_phys,4
6900764,paper_phys,4
6900784,paper_phys,4
6900785,paper_phys,4
6900791,paper_phys,4
6900792,paper_phys,4
6900793,paper_phys,4
6900804,paper_phys,4
6900868,paper_phys,4
6900869,paper_phys,4
6900870,paper_phys,4
6900871,paper_phys,4
6900872,paper_phys,4
6900873,paper_phys,4
6900874,paper_phys,4
6900875,paper_phys,4
6900889,paper_phys,4
6900890,paper_phys,4
6900891,paper_phys,4
6900896,paper_phys,4
6900944,paper_phys,4
6900953,paper_phys,4
6900954,paper_phys,4
6901021,paper_phys,4
6901022,paper_phys,4
6901023,paper_phys,4
6901024,paper_phys,4
6901025,paper_phys,4
6901026,paper_phys,4
6901027,paper_phys,4
6901028,paper_phys,4
6901029,paper_phys,4
6901030,paper_phys,4
6901235,paper_phys,4
6901457,paper_phys,4
6901458,paper_phys,4
6901459,paper_phys,4
6901460,paper_phys,4
6901461,paper_phys,4
6901462,paper_phys,4
6901463,paper_phys,4
6901464,paper_phys,4
6901465,paper_phys,4
6901466,paper_phys,4
6901467,paper_phys,4
6901468,paper_phys,4
6901470,paper_phys,4
6901471,paper_phys,4
6901476,paper_phys,4
6901487,paper_phys,4
6901592,paper_phys,4
6901593,paper_phys,4
6901595,paper_phys,4
6901596,paper_phys,4
6901597,paper_phys,4
6901601,paper_phys,4
6901602,paper_phys,4
6901603,paper_phys,4
6901604,paper_phys,4
6901627,paper_phys,4
6901628,paper_phys,4
6901631,paper_phys,4
6901632,paper_phys,4
6901748,paper_phys,4
6901749,paper_phys,4
6901750,paper_phys,4
6901751,paper_phys,4
6901752,paper_phys,4
6901753,paper_phys,4
6901754,paper_phys,4
6901755,paper_phys,4
6901756,paper_phys,4
6901757,paper_phys,4
6901758,paper_phys,4
6901759,paper_phys,4
6901760,paper_phys,4
6901762,paper_phys,4
6901763,paper_phys,4
6901881,paper_phys,4
6901886,paper_phys,4
6901888,paper_phys,4
6901895,paper_phys,4
6901896,paper_phys,4
6901897,paper_phys,4
6901898,paper_phys,4
6901899,paper_phys,4
6901900,paper_phys,4
6901933,paper_phys,4
6901939,paper_phys,4
6902025,paper_phys,4
6902680,paper_phys,4
6902686,paper_phys,4
6902687,paper_phys,4
6902688,paper_phys,4
6902798,paper_phys,4
6902799,paper_phys,4
6902800,paper_phys,4
6902801,paper_phys,4
6902802,paper_phys,4
6902803,paper_phys,4
6902804,paper_phys,4
6902805,paper_phys,4
6902806,paper_phys,4
6902807,paper_phys,4
6902808,paper_phys,4
6902810,paper_phys,4
6902811,paper_phys,4
6902812,paper_phys,4
6902813,paper_phys,4
6902814,paper_phys,4
6902815,paper_phys,4
6902816,paper_phys,4
6902818,paper_phys,4
6902819,paper_phys,4
6902820,paper_phys,4
6902868,paper_phys,4
6902869,paper_phys,4
6902870,paper_phys,4
6902871,paper_phys,4
6902872,paper_phys,4
6902873,paper_phys,4
6902874,paper_phys,4
6902875,paper_phys,4
6902876,paper_phys,4
6902877,paper_phys,4
6902878,paper_phys,4
6902881,paper_phys,4
6902882,paper_phys,4
6902883,paper_phys,4
6902884,paper_phys,4
6902885,paper_phys,4
6902886,paper_phys,4
6902887,paper_phys,4
6902888,paper_phys,4
6902889,paper_phys,4
6902890,paper_phys,4
6902891,paper_phys,4
6902892,paper_phys,4
6902893,paper_phys,4
6902894,paper_phys,4
6902895,paper_phys,4
6902931,paper_phys,4
6902933,paper_phys,4
6902934,paper_phys,4
6902935,paper_phys,4
6902936,paper_phys,4
6902937,paper_phys,4
6902956,paper_phys,4
6902957,paper_phys,4
6902958,paper_phys,4
6902959,paper_phys,4
6902960,paper_phys,4
6902961,paper_phys,4
6902962,paper_phys,4
6902963,paper_phys,4
6902964,paper_phys,4
6902965,paper_phys,4
6902966,paper_phys,4
6902970,paper_phys,4
6902971,paper_phys,4
6902972,paper_phys,4
6902973,paper_phys,4
6902974,paper_phys,4
6902975,paper_phys,4
6902976,paper_phys,4
6902977,paper_phys,4
6902978,paper_phys,4
6902979,paper_phys,4
6902980,paper_phys,4
6902981,paper_phys,4
6902982,paper_phys,4
6902983,paper_phys,4
6902984,paper_phys,4
6903028,paper_phys,4
6903029,paper_phys,4
6903030,paper_phys,4
6903031,paper_phys,4
6903032,paper_phys,4
6903033,paper_phys,4
6903034,paper_phys,4
6903035,paper_phys,4
6903036,paper_phys,4
6903038,paper_phys,4
6903039,paper_phys,4
6903040,paper_phys,4
6903041,paper_phys,4
6903042,paper_phys,4
6903065,paper_phys,4
6903066,paper_phys,4
6903067,paper_phys,4
6903068,paper_phys,4
6903071,paper_phys,4
6903072,paper_phys,4
6903080,paper_phys,4
6903081,paper_phys,4
6903082,paper_phys,4
6903083,paper_phys,4
6903084,paper_phys,4
6903085,paper_phys,4
6903086,paper_phys,4
6903088,paper_phys,4
6903090,paper_phys,4
6903152,paper_phys,4
6903153,paper_phys,4
6903178,paper_phys,4
6903180,paper_phys,4
6903183,paper_phys,4
6903190,paper_phys,4
6903191,paper_phys,4
6903200,paper_phys,4
6903203,paper_phys,4
6903204,paper_phys,4
6903222,paper_phys,4
6903225,paper_phys,4
6903233,paper_phys,4
6903237,paper_phys,4
6903238,paper_phys,4
6903246,paper_phys,4
6903262,paper_phys,4
6903263,paper_phys,4
6903265,paper_phys,4
6903266,paper_phys,4
6903267,paper_phys,4
6903268,paper_phys,4
6903275,paper_phys,4
6903283,paper_phys,4
6903286,paper_phys,4
6903556,paper_phys,4
6903557,paper_phys,4
6903558,paper_phys,4
6903571,paper_phys,4
6903572,paper_phys,4
6903573,paper_phys,4
6903580,paper_phys,4
6903581,paper_phys,4
6903582,paper_phys,4
6903588,paper_phys,4
6903589,paper_phys,4
6903699,paper_phys,4
6903700,paper_phys,4
6903701,paper_phys,4
6903704,paper_phys,4
6903707,paper_phys,4
6903765,paper_phys,4
6903767,paper_phys,4
6903768,paper_phys,4
6903777,paper_phys,4
6903781,paper_phys,4
6903786,paper_phys,4
6903799,paper_phys,4
6903802,paper_phys,4
6903803,paper_phys,4
6903804,paper_phys,4
6903818,paper_phys,4
6903822,paper_phys,4
6903824,paper_phys,4
6903826,paper_phys,4
6903867,paper_phys,4
6903869,paper_phys,4
6903870,paper_phys,4
6903871,paper_phys,4
6903872,paper_phys,4
6903873,paper_phys,4
6904110,paper_phys,4
6904111,paper_phys,4
6904112,paper_phys,4
6904114,paper_phys,4
6904115,paper_phys,4
6904231,paper_phys,4
6904232,paper_phys,4
6904233,paper_phys,4
6990525,paper_phys,4
6990526,paper_phys,4
6990538,paper_phys,4
6990590,paper_all,4
6990593,paper_phys,4
6990594,paper_phys,4
6990595,paper_phys,4
6990623,paper_phys,4
6990658,paper_phys,4
6990660,paper_phys,4
6990661,paper_phys,4
6990662,paper_all,4
6990663,paper_phys,4
6990671,paper_all,4
6990679,paper_bbp,4
6990684,paper_bbp,4
6990685,paper_bbp,4
6990686,paper_all,4
6990688,paper_all,4
6990691,paper_all,4
6990693,paper_all,4
6990706,paper_phys,4
6990707,paper_phys,4
6990708,paper_phys,4
6990713,paper_phys,4
6990714,paper_phys,4
6990720,paper_phys,4
6990727,paper_bbp,4
6999992,paper_all,4
7900340,paper_phys,4
7900341,paper_phys,4
7900343,paper_phys,4
7900344,paper_phys,4
7900347,paper_phys,4
7900351,paper_phys,4
7900354,paper_phys,4
7900465,paper_phys,4
7900466,paper_phys,4
7900566,paper_phys,4
7900593,paper_phys,4
7900594,paper_phys,4
7900596,paper_phys,4
7900693,paper_bbp,4
7900696,paper_bbp,4
7900706,paper_bbp,4
7900863,paper_phys,4
7900874,paper_phys,4
7900875,paper_phys,4
7900878,paper_phys,4
7900881,paper_phys,4
7900885,paper_all,4
7900886,paper_bbp,4
7900887,paper_phys,4
7900888,paper_phys,4
7900889,paper_phys,4
7900890,paper_phys,4
7900961,paper_phys,4
7900962,paper_phys,4
7900964,paper_phys,4
7900965,paper_phys,4
7900967,paper_phys,4
7900970,paper_bbp,4
7901013,paper_phys,4
7901019,paper_phys,4
7901026,paper_phys,4
7901027,paper_phys,4
7901036,paper_phys,4
7901037,paper_phys,4
7901086,paper_bbp,4
7901109,paper_all,4
7901112,paper_phys,4
7901113,paper_phys,4
7901133,paper_bbp,4
7901134,paper_phys,4
7901135,paper_phys,4
7902069,paper_phys,4
7902070,paper_phys,4
7902073,paper_phys,4
7902104,paper_all,4
7902105,paper_all,4
7902106,paper_all,4
7902107,paper_all,4
7902108,paper_all,4
7902109,paper_all,4
7902110,paper_all,4
7902111,paper_all,4
7902112,paper_all,4
7902115,paper_all,4
7902116,paper_all,4
7902117,paper_all,4
7902119,paper_all,4
7902120,paper_all,4
7902121,paper_all,4
7902122,paper_all,4
7902124,paper_all,4
7902125,paper_all,4
7902126,paper_all,4
7902127,paper_all,4
7902128,paper_all,4
7902129,paper_all,4
7902134,paper_all,4
7902136,paper_all,4
7902137,paper_all,4
7902142,paper_all,4
7902144,paper_all,4
7902150,paper_all,4
7902155,paper_all,4
7902156,paper_all,4
7902157,paper_all,4
7902158,paper_all,4
7902159,paper_all,4
7902160,paper_all,4
7902161,paper_all,4
7902162,paper_all,4
7902163,paper_all,4
7902164,paper_all,4
7902165,paper_all,4
7902166,paper_all,4
7902167,paper_all,4
7902168,paper_all,4
7902169,paper_all,4
7902170,paper_bbp,4
7902171,paper_phys,4
7902176,paper_bbp,4
7902177,paper_bbp,4
7902178,paper_bbp,4
7902179,paper_bbp,4
7902190,paper_all,4
7902191,paper_phys,4
7902193,paper_phys,4
7902194,paper_phys,4
7902195,paper_bbp,4
7902196,paper_phys,4
7902197,paper_phys,4
7902198,paper_all,4
7902200,paper_bbp,4
7902203,paper_bbp,4
7902215,paper_phys,4
7902217,paper_phys,4
7902218,paper_phys,4
7902219,paper_phys,4
7902221,paper_all,4
7902226,paper_all,4
7902250,paper_bbp,4
7902260,paper_bbp,4
7902261,paper_all,4
7902263,paper_all,4
7902264,paper_all,4
7902266,paper_all,4
7902267,paper_all,4
7902268,paper_all,4
7902276,paper_all,4
7902277,paper_all,4
7902279,paper_phys,4
7902280,paper_phys,4
7902286,paper_phys,4
7902292,paper_phys,4
7902293,paper_phys,4
7902295,paper_bbp,4
7902296,paper_bbp,4
7902309,paper_phys,4
7902311,paper_all,4
7902313,paper_all,4
7902326,paper_phys,4
7902330,paper_phys,4
7902334,paper_bbp,4
7902377,paper_phys,4
7902379,paper_all,4
7902382,paper_all,4
7902384,paper_bbp,4
7902385,paper_bbp,4
7902386,paper_phys,4
7902387,paper_phys,4
7902388,paper_phys,4
